[
{
    "model": "api.photo",
    "pk": 1,
    "fields": {
        "url": "http://example.com"
    }
},
{
    "model": "api.photo",
    "pk": 2,
    "fields": {
        "url": "http://example.com"
    }
},
{
    "model": "api.photo",
    "pk": 3,
    "fields": {
        "url": "http://example.com"
    }
},
{
    "model": "api.user",
    "pk": 1,
    "fields": {
        "password": "pbkdf2_sha256$320000$psqZYBh7yJpLdagIgEjIg9$VOcflhIJq/HPQ0lZqRw1AOAISyDrgRMCQJe67+YVr6M=",
        "last_login": "2022-02-20T20:26:37.021Z",
        "photo": null,
        "username": "a",
        "first_name": "",
        "last_name": "",
        "email": "",
        "is_staff": true,
        "is_superuser": true,
        "is_active": true,
        "groups": [],
        "user_permissions": []
    }
},
{
    "model": "api.user",
    "pk": 2,
    "fields": {
        "password": "pbkdf2_sha256$320000$gElbXc69duAGTOVqCl6kxZ$1u3w3tkPD/1zQ5RIqR93M9iEyZ/cDXd+0sFEiBmulZk=",
        "last_login": null,
        "photo": 1,
        "username": "adam2000",
        "first_name": "adam",
        "last_name": "stevens",
        "email": "adam@gmail.com",
        "is_staff": false,
        "is_superuser": false,
        "is_active": true,
        "groups": [],
        "user_permissions": []
    }
},
{
    "model": "api.user",
    "pk": 3,
    "fields": {
        "password": "pbkdf2_sha256$320000$QaqHAxFgSU7rHDxpEzX9TZ$zRit1eJI8bavarqRAWfNNCAnWdS5Vc5y2dU3XN1d6NQ=",
        "last_login": null,
        "photo": 2,
        "username": "eva2000",
        "first_name": "eva",
        "last_name": "stevens",
        "email": "eva@gmail.com",
        "is_staff": false,
        "is_superuser": false,
        "is_active": true,
        "groups": [],
        "user_permissions": []
    }
},
{
    "model": "api.user",
    "pk": 4,
    "fields": {
        "password": "pbkdf2_sha256$320000$GcCx2TTYwnS7wgDPJ103b0$pWXLmxTfayiNs7RXyOPZs2pupwDpqEIhiqXH5nF1uW0=",
        "last_login": null,
        "photo": 3,
        "username": "masha2000",
        "first_name": "masha",
        "last_name": "burdo",
        "email": "masha@gmail.com",
        "is_staff": false,
        "is_superuser": false,
        "is_active": true,
        "groups": [],
        "user_permissions": []
    }
},
{
    "model": "api.restaurant",
    "pk": 1,
    "fields": {
        "photo": 1,
        "name": "restaurant1",
        "description": "description",
        "address": "adress",
        "phone_number": "phone"
    }
},
{
    "model": "api.restaurant",
    "pk": 2,
    "fields": {
        "photo": 1,
        "name": "restaurant2",
        "description": "description",
        "address": "adress",
        "phone_number": "phone"
    }
},
{
    "model": "api.restaurant",
    "pk": 3,
    "fields": {
        "photo": null,
        "name": "restaurant3",
        "description": "description",
        "address": "adress",
        "phone_number": "phone"
    }
},
{
    "model": "api.restaurant",
    "pk": 4,
    "fields": {
        "photo": null,
        "name": "restaurant4",
        "description": "description",
        "address": "adress",
        "phone_number": "phone"
    }
},
{
    "model": "api.restaurant",
    "pk": 5,
    "fields": {
        "photo": null,
        "name": "restaurant5",
        "description": "description",
        "address": "adress",
        "phone_number": "phone"
    }
},
{
    "model": "api.restaurant",
    "pk": 6,
    "fields": {
        "photo": null,
        "name": "restaurant6",
        "description": "description",
        "address": "adress",
        "phone_number": "phone"
    }
},
{
    "model": "api.restaurant",
    "pk": 7,
    "fields": {
        "photo": null,
        "name": "restaurant7",
        "description": "description",
        "address": "adress",
        "phone_number": "phone"
    }
},
{
    "model": "api.lastvisitedrestaurants",
    "pk": 1,
    "fields": {
        "user": 4,
        "restaurant": 1,
        "date": "2022-02-21T14:32:48.955Z"
    }
},
{
    "model": "api.lastvisitedrestaurants",
    "pk": 2,
    "fields": {
        "user": 4,
        "restaurant": 2,
        "date": "2022-02-21T14:33:00.059Z"
    }
},
{
    "model": "api.lastvisitedrestaurants",
    "pk": 3,
    "fields": {
        "user": 4,
        "restaurant": 2,
        "date": "2022-02-21T14:33:03.762Z"
    }
},
{
    "model": "api.lastvisitedrestaurants",
    "pk": 4,
    "fields": {
        "user": 4,
        "restaurant": 3,
        "date": "2022-02-21T14:33:12.129Z"
    }
},
{
    "model": "api.lastvisitedrestaurants",
    "pk": 5,
    "fields": {
        "user": 4,
        "restaurant": 4,
        "date": "2022-02-21T14:33:32.494Z"
    }
},
{
    "model": "api.lastvisitedrestaurants",
    "pk": 6,
    "fields": {
        "user": 3,
        "restaurant": 4,
        "date": "2022-02-21T14:34:03.704Z"
    }
},
{
    "model": "api.lastvisitedrestaurants",
    "pk": 7,
    "fields": {
        "user": 3,
        "restaurant": 4,
        "date": "2022-02-21T14:34:09.914Z"
    }
},
{
    "model": "api.lastvisitedrestaurants",
    "pk": 8,
    "fields": {
        "user": 3,
        "restaurant": 5,
        "date": "2022-02-21T14:34:16.936Z"
    }
},
{
    "model": "api.lastvisitedrestaurants",
    "pk": 9,
    "fields": {
        "user": 3,
        "restaurant": 5,
        "date": "2022-02-21T14:34:31.265Z"
    }
},
{
    "model": "api.lastvisitedrestaurants",
    "pk": 10,
    "fields": {
        "user": 3,
        "restaurant": 6,
        "date": "2022-02-21T14:34:39.556Z"
    }
},
{
    "model": "api.country",
    "pk": 1,
    "fields": {
        "name": "germany",
        "description": "this is germany"
    }
},
{
    "model": "api.country",
    "pk": 2,
    "fields": {
        "name": "russia",
        "description": "this is russia"
    }
},
{
    "model": "api.country",
    "pk": 3,
    "fields": {
        "name": "belarus",
        "description": "this is belarus"
    }
},
{
    "model": "api.dishtype",
    "pk": 1,
    "fields": {
        "name": "soup"
    }
},
{
    "model": "api.dishtype",
    "pk": 2,
    "fields": {
        "name": "meat"
    }
},
{
    "model": "api.dishtype",
    "pk": 3,
    "fields": {
        "name": "salad"
    }
},
{
    "model": "api.dishtype",
    "pk": 4,
    "fields": {
        "name": "drink"
    }
},
{
    "model": "api.dish",
    "pk": 1,
    "fields": {
        "restaurant": 1,
        "photo": 1,
        "name": "dish1-1",
        "description": "description",
        "weight": "1.00",
        "price": "1.00",
        "estimated_time": 1,
        "dish_type": 1,
        "country": 1
    }
},
{
    "model": "api.dish",
    "pk": 2,
    "fields": {
        "restaurant": 1,
        "photo": 2,
        "name": "dish1-2",
        "description": "description",
        "weight": "1.00",
        "price": "1.00",
        "estimated_time": 1,
        "dish_type": 1,
        "country": 1
    }
},
{
    "model": "api.dish",
    "pk": 3,
    "fields": {
        "restaurant": 2,
        "photo": null,
        "name": "dish2-1",
        "description": "description",
        "weight": "2.00",
        "price": "2.00",
        "estimated_time": 2,
        "dish_type": 2,
        "country": 2
    }
},
{
    "model": "api.dish",
    "pk": 4,
    "fields": {
        "restaurant": 3,
        "photo": null,
        "name": "dish3-1",
        "description": "description",
        "weight": "3.00",
        "price": "3.00",
        "estimated_time": 3,
        "dish_type": 3,
        "country": 1
    }
},
{
    "model": "api.dish",
    "pk": 5,
    "fields": {
        "restaurant": 4,
        "photo": null,
        "name": "dish4-1",
        "description": "description",
        "weight": "4.00",
        "price": "4.00",
        "estimated_time": 4,
        "dish_type": 2,
        "country": 3
    }
},
{
    "model": "api.dish",
    "pk": 6,
    "fields": {
        "restaurant": 5,
        "photo": null,
        "name": "dish5-1",
        "description": "description",
        "weight": "5.00",
        "price": "5.00",
        "estimated_time": 5,
        "dish_type": 3,
        "country": 2
    }
},
{
    "model": "api.dish",
    "pk": 7,
    "fields": {
        "restaurant": 6,
        "photo": null,
        "name": "dish6-1",
        "description": "description",
        "weight": "6.00",
        "price": "6.00",
        "estimated_time": 6,
        "dish_type": 2,
        "country": 2
    }
},
{
    "model": "api.dish",
    "pk": 8,
    "fields": {
        "restaurant": 6,
        "photo": 2,
        "name": "dish6-2",
        "description": "description",
        "weight": "6.00",
        "price": "6.00",
        "estimated_time": 6,
        "dish_type": 1,
        "country": 2
    }
},
{
    "model": "api.order",
    "pk": 1,
    "fields": {
        "user": 4,
        "restaurant": 1,
        "date": "2022-02-21T14:32:48.952Z",
        "status": "Active"
    }
},
{
    "model": "api.order",
    "pk": 2,
    "fields": {
        "user": 4,
        "restaurant": 2,
        "date": "2022-02-21T14:33:00.057Z",
        "status": "Active"
    }
},
{
    "model": "api.order",
    "pk": 3,
    "fields": {
        "user": 4,
        "restaurant": 2,
        "date": "2022-02-21T14:33:03.760Z",
        "status": "Active"
    }
},
{
    "model": "api.order",
    "pk": 4,
    "fields": {
        "user": 4,
        "restaurant": 3,
        "date": "2022-02-21T14:33:12.121Z",
        "status": "Active"
    }
},
{
    "model": "api.order",
    "pk": 5,
    "fields": {
        "user": 4,
        "restaurant": 4,
        "date": "2022-02-21T14:33:32.491Z",
        "status": "Active"
    }
},
{
    "model": "api.order",
    "pk": 6,
    "fields": {
        "user": 3,
        "restaurant": 4,
        "date": "2022-02-21T14:34:03.702Z",
        "status": "Active"
    }
},
{
    "model": "api.order",
    "pk": 7,
    "fields": {
        "user": 3,
        "restaurant": 4,
        "date": "2022-02-21T14:34:09.910Z",
        "status": "Active"
    }
},
{
    "model": "api.order",
    "pk": 8,
    "fields": {
        "user": 3,
        "restaurant": 5,
        "date": "2022-02-21T14:34:16.934Z",
        "status": "Active"
    }
},
{
    "model": "api.order",
    "pk": 9,
    "fields": {
        "user": 3,
        "restaurant": 5,
        "date": "2022-02-21T14:34:31.262Z",
        "status": "Active"
    }
},
{
    "model": "api.order",
    "pk": 10,
    "fields": {
        "user": 3,
        "restaurant": 6,
        "date": "2022-02-21T14:34:39.553Z",
        "status": "Active"
    }
},
{
    "model": "api.orderdish",
    "pk": 1,
    "fields": {
        "order": 1,
        "dish": 1
    }
},
{
    "model": "api.orderdish",
    "pk": 2,
    "fields": {
        "order": 1,
        "dish": 2
    }
},
{
    "model": "api.orderdish",
    "pk": 3,
    "fields": {
        "order": 1,
        "dish": 1
    }
},
{
    "model": "api.orderdish",
    "pk": 4,
    "fields": {
        "order": 1,
        "dish": 1
    }
},
{
    "model": "api.orderdish",
    "pk": 5,
    "fields": {
        "order": 2,
        "dish": 3
    }
},
{
    "model": "api.orderdish",
    "pk": 6,
    "fields": {
        "order": 2,
        "dish": 3
    }
},
{
    "model": "api.orderdish",
    "pk": 7,
    "fields": {
        "order": 3,
        "dish": 3
    }
},
{
    "model": "api.orderdish",
    "pk": 8,
    "fields": {
        "order": 3,
        "dish": 3
    }
},
{
    "model": "api.orderdish",
    "pk": 9,
    "fields": {
        "order": 4,
        "dish": 4
    }
},
{
    "model": "api.orderdish",
    "pk": 10,
    "fields": {
        "order": 5,
        "dish": 5
    }
},
{
    "model": "api.orderdish",
    "pk": 11,
    "fields": {
        "order": 5,
        "dish": 5
    }
},
{
    "model": "api.orderdish",
    "pk": 12,
    "fields": {
        "order": 5,
        "dish": 5
    }
},
{
    "model": "api.orderdish",
    "pk": 13,
    "fields": {
        "order": 6,
        "dish": 5
    }
},
{
    "model": "api.orderdish",
    "pk": 14,
    "fields": {
        "order": 6,
        "dish": 5
    }
},
{
    "model": "api.orderdish",
    "pk": 15,
    "fields": {
        "order": 6,
        "dish": 5
    }
},
{
    "model": "api.orderdish",
    "pk": 16,
    "fields": {
        "order": 7,
        "dish": 5
    }
},
{
    "model": "api.orderdish",
    "pk": 17,
    "fields": {
        "order": 7,
        "dish": 5
    }
},
{
    "model": "api.orderdish",
    "pk": 18,
    "fields": {
        "order": 8,
        "dish": 6
    }
},
{
    "model": "api.orderdish",
    "pk": 19,
    "fields": {
        "order": 9,
        "dish": 6
    }
},
{
    "model": "api.orderdish",
    "pk": 20,
    "fields": {
        "order": 9,
        "dish": 6
    }
},
{
    "model": "api.orderdish",
    "pk": 21,
    "fields": {
        "order": 10,
        "dish": 7
    }
},
{
    "model": "api.orderdish",
    "pk": 22,
    "fields": {
        "order": 10,
        "dish": 8
    }
},
{
    "model": "api.creditcard",
    "pk": 1,
    "fields": {
        "user": 3,
        "number": "1111111111111111",
        "expiration_date": "11/11",
        "cvv": "111"
    }
},
{
    "model": "api.creditcard",
    "pk": 2,
    "fields": {
        "user": 3,
        "number": "1111111111111112",
        "expiration_date": "11/12",
        "cvv": "112"
    }
},
{
    "model": "api.creditcard",
    "pk": 3,
    "fields": {
        "user": 3,
        "number": "1111111111111113",
        "expiration_date": "11/13",
        "cvv": "113"
    }
},
{
    "model": "api.creditcard",
    "pk": 4,
    "fields": {
        "user": 4,
        "number": "1111111111111114",
        "expiration_date": "11/14",
        "cvv": "114"
    }
},
{
    "model": "api.creditcard",
    "pk": 5,
    "fields": {
        "user": 4,
        "number": "1111111111111115",
        "expiration_date": "11/15",
        "cvv": "115"
    }
}
]
